episode_id,policy_freq,profile,method,filter,value,episode_length,collision,mean_speed,total_cost,total_avoided_cost,total_expected_cost,total_reward,total_basic_reward,total_added_reward,mean_iterations_to_converge,convergence_rate,outcome_unchanged_count,outcome_naively_augmented_count,outcome_rcps_augmented_count,outcome_projection_count,lane_0_time,lane_1_time,lane_2_time
0,1,right_lane,nop,False,nan,4,1,21.439140538718384,4.0,0.0,3.9683152437210083,4.0,4.0,0.0,nan,0.0,0,0,0,0,4.0,0.0,0.0
1,1,right_lane,nop,False,nan,5,1,22.151312430974706,5.0,0.0,4.829783737659454,5.0,5.0,0.0,nan,0.0,0,0,0,0,5.0,0.0,0.0
2,1,right_lane,nop,False,nan,1,1,25.0,0.5,0.0,0.16710641980171204,1.0,1.0,0.0,nan,0.0,0,0,0,0,0.0,0.0,1.0
3,1,right_lane,nop,False,nan,5,1,22.151312430974706,2.5,0.0,2.322932317852974,6.25,5.0,1.25,nan,0.0,0,0,0,0,0.0,4.0,1.0
4,1,right_lane,nop,False,nan,3,1,23.55281207133059,0.0,0.0,0.395818893566684,4.25,3.0,1.25,nan,0.0,0,0,0,0,0.0,1.0,2.0
5,1,right_lane,nop,False,nan,3,1,21.915047954523644,3.0,0.0,2.9748564958572388,3.5,3.0,0.5,nan,0.0,0,0,0,0,3.0,0.0,0.0
6,1,right_lane,nop,False,nan,3,1,21.915047954523644,3.0,0.0,2.6348224878311157,3.0,3.0,0.0,nan,0.0,0,0,0,0,3.0,0.0,0.0
7,1,right_lane,nop,False,nan,4,1,22.686285965892733,2.5,0.0,2.4057545363903046,4.75,4.0,0.75,nan,0.0,0,0,0,0,0.0,4.0,0.0
8,1,right_lane,nop,False,nan,3,1,25.0,3.0,0.0,2.9551756978034973,3.0,3.0,0.0,nan,0.0,0,0,0,0,3.0,0.0,0.0
9,1,right_lane,nop,False,nan,2,1,22.829218106995885,0.5,0.0,0.8792550563812256,2.25,2.0,0.25,nan,0.0,0,0,0,0,0.0,2.0,0.0
10,1,right_lane,nop,False,nan,2,1,25.0,1.0,0.0,0.6467484086751938,2.75,2.0,0.75,nan,0.0,0,0,0,0,0.0,1.0,1.0
11,1,right_lane,nop,False,nan,3,1,21.915047954523644,3.0,0.0,2.760829508304596,3.25,3.0,0.25,nan,0.0,0,0,0,0,3.0,0.0,0.0
12,1,right_lane,nop,False,nan,5,1,22.151312430974706,2.5,0.0,2.440771132707596,6.0,5.0,1.0,nan,0.0,0,0,0,0,1.0,4.0,0.0
13,1,right_lane,nop,False,nan,8,1,21.969782976101605,0.0,0.0,0.14090751558251213,11.75,8.0,3.75,nan,0.0,0,0,0,0,0.0,0.0,8.0
14,1,right_lane,nop,False,nan,3,1,23.55281207133059,1.5,0.0,1.1118579357862473,4.0,3.0,1.0,nan,0.0,0,0,0,0,0.0,2.0,1.0
15,1,right_lane,nop,False,nan,4,1,22.686285965892733,4.0,0.0,3.8309653401374817,4.25,4.0,0.25,nan,0.0,0,0,0,0,4.0,0.0,0.0
16,1,right_lane,nop,False,nan,4,1,23.91460905349794,2.0,0.0,2.2814909517765045,4.75,4.0,0.75,nan,0.0,0,0,0,0,1.0,3.0,0.0
17,1,right_lane,nop,False,nan,7,1,22.251152256881806,1.0,0.0,1.14717197639402,10.0,7.0,3.0,nan,0.0,0,0,0,0,1.0,1.0,5.0
18,1,right_lane,nop,False,nan,4,1,21.439140538718384,0.0,0.0,0.03917139999975916,5.75,4.0,1.75,nan,0.0,0,0,0,0,0.0,0.0,4.0
19,1,right_lane,nop,False,nan,5,1,24.131687242798353,4.5,0.0,4.005524575710297,5.75,5.0,0.75,nan,0.0,0,0,0,0,3.0,1.0,1.0
20,1,right_lane,nop,False,nan,5,1,28.84838684036547,4.5,0.0,4.6079214215278625,5.25,5.0,0.25,nan,0.0,0,0,0,0,4.0,1.0,0.0
21,1,right_lane,nop,False,nan,4,1,22.686285965892733,3.5,0.0,3.3902204632759094,4.0,4.0,0.0,nan,0.0,0,0,0,0,4.0,0.0,0.0
22,1,right_lane,nop,False,nan,8,1,24.46832724969842,8.0,0.0,7.735479056835175,8.25,8.0,0.25,nan,0.0,0,0,0,0,8.0,0.0,0.0
23,1,right_lane,nop,False,nan,3,1,21.915047954523644,0.0,0.0,0.07452862267382443,4.0,3.0,1.0,nan,0.0,0,0,0,0,0.0,0.0,3.0
24,1,right_lane,nop,False,nan,3,1,25.0,3.0,0.0,2.6209375858306885,3.5,3.0,0.5,nan,0.0,0,0,0,0,2.0,1.0,0.0
25,1,right_lane,nop,False,nan,5,1,22.151312430974706,2.5,0.0,1.9157539159059525,6.0,5.0,1.0,nan,0.0,0,0,0,0,0.0,4.0,1.0
26,1,right_lane,nop,False,nan,4,1,21.439140538718384,0.0,0.0,0.045981895906152204,5.75,4.0,1.75,nan,0.0,0,0,0,0,0.0,0.0,4.0
27,1,right_lane,nop,False,nan,5,1,22.151312430974706,4.5,0.0,4.288214266300201,5.5,5.0,0.5,nan,0.0,0,0,0,0,4.0,1.0,0.0
28,1,right_lane,nop,False,nan,5,1,22.151312430974706,0.0,0.0,0.22866768915991997,7.25,5.0,2.25,nan,0.0,0,0,0,0,0.0,0.0,5.0
29,1,right_lane,nop,False,nan,3,1,23.55281207133059,1.5,0.0,1.691134124994278,4.0,3.0,1.0,nan,0.0,0,0,0,0,1.0,2.0,0.0
30,1,right_lane,nop,False,nan,2,1,25.0,1.0,0.0,0.5244565904140472,2.5,2.0,0.5,nan,0.0,0,0,0,0,0.0,1.0,1.0
31,1,right_lane,nop,False,nan,7,1,21.53689482983041,7.0,0.0,6.601349294185638,7.25,7.0,0.25,nan,0.0,0,0,0,0,6.0,1.0,0.0
32,1,right_lane,nop,False,nan,6,1,25.1239070349386,4.5,0.0,4.910481363534927,6.25,6.0,0.25,nan,0.0,0,0,0,0,5.0,1.0,0.0
33,1,right_lane,nop,False,nan,4,1,21.439140538718384,2.5,0.0,2.480795383453369,5.0,4.0,1.0,nan,0.0,0,0,0,0,1.0,3.0,0.0
34,1,right_lane,nop,False,nan,4,1,22.686285965892733,2.0,0.0,1.9299679100513458,5.0,4.0,1.0,nan,0.0,0,0,0,0,0.0,4.0,0.0
35,1,right_lane,nop,False,nan,3,1,25.0,2.5,0.0,2.0830655097961426,3.5,3.0,0.5,nan,0.0,0,0,0,0,1.0,1.0,1.0
36,1,right_lane,nop,False,nan,3,1,23.55281207133059,1.5,0.0,1.1517500430345535,3.5,3.0,0.5,nan,0.0,0,0,0,0,0.0,2.0,1.0
37,1,right_lane,nop,False,nan,5,1,24.131687242798353,0.5,0.0,0.9132137596461689,7.0,5.0,2.0,nan,0.0,0,0,0,0,1.0,1.0,3.0
38,1,right_lane,nop,False,nan,2,1,25.0,1.0,0.0,0.5469945520162582,2.75,2.0,0.75,nan,0.0,0,0,0,0,0.0,1.0,1.0
39,1,right_lane,nop,False,nan,2,1,25.0,1.0,0.0,0.8334839642047882,2.5,2.0,0.5,nan,0.0,0,0,0,0,0.0,2.0,0.0
40,1,right_lane,nop,False,nan,3,1,21.915047954523644,0.0,0.0,0.13578578387387097,4.25,3.0,1.25,nan,0.0,0,0,0,0,0.0,0.0,3.0
41,1,right_lane,nop,False,nan,5,1,22.151312430974706,2.0,0.0,2.1321362107992172,6.5,5.0,1.5,nan,0.0,0,0,0,0,0.0,4.0,1.0
42,1,right_lane,nop,False,nan,3,1,23.55281207133059,1.5,0.0,1.4114680290222168,4.0,3.0,1.0,nan,0.0,0,0,0,0,1.0,2.0,0.0
43,1,right_lane,nop,False,nan,4,1,21.439140538718384,2.0,0.0,1.7553951740264893,5.0,4.0,1.0,nan,0.0,0,0,0,0,0.0,4.0,0.0
44,1,right_lane,nop,False,nan,5,1,23.149028772714185,4.5,0.0,4.389518082141876,5.25,5.0,0.25,nan,0.0,0,0,0,0,4.0,1.0,0.0
45,1,right_lane,nop,False,nan,5,1,21.15161315963453,4.5,0.0,4.027240872383118,5.5,5.0,0.5,nan,0.0,0,0,0,0,3.0,2.0,0.0
46,1,right_lane,nop,False,nan,5,1,22.151312430974706,4.5,0.0,4.227041006088257,5.0,5.0,0.0,nan,0.0,0,0,0,0,4.0,1.0,0.0
47,1,right_lane,nop,False,nan,3,1,25.0,0.5,0.0,0.839377369680733,4.0,3.0,1.0,nan,0.0,0,0,0,0,1.0,1.0,1.0
48,1,right_lane,nop,False,nan,7,1,22.251152256881806,7.0,0.0,6.819729864597321,7.5,7.0,0.5,nan,0.0,0,0,0,0,7.0,0.0,0.0
49,1,right_lane,nop,False,nan,4,1,26.22832308760521,4.0,0.0,3.5851998925209045,4.0,4.0,0.0,nan,0.0,0,0,0,0,3.0,1.0,0.0
50,1,right_lane,nop,False,nan,7,1,20.82261284061259,1.5,0.0,1.5855295706860488,9.5,7.0,2.5,nan,0.0,0,0,0,0,0.0,2.0,5.0
51,1,right_lane,nop,False,nan,1,1,25.0,0.5,0.0,0.36385276913642883,1.25,1.0,0.25,nan,0.0,0,0,0,0,0.0,0.0,1.0
52,1,right_lane,nop,False,nan,3,1,23.55281207133059,3.0,0.0,2.6257333755493164,3.25,3.0,0.25,nan,0.0,0,0,0,0,3.0,0.0,0.0
53,1,right_lane,nop,False,nan,5,1,22.151312430974706,2.5,0.0,2.178399384021759,6.0,5.0,1.0,nan,0.0,0,0,0,0,0.0,4.0,1.0
54,1,right_lane,nop,False,nan,5,1,22.151312430974706,0.5,0.0,0.4503526773110025,7.25,5.0,2.25,nan,0.0,0,0,0,0,0.0,0.0,5.0
55,1,right_lane,nop,False,nan,3,1,23.55281207133059,1.5,0.0,1.4232474565505981,3.75,3.0,0.75,nan,0.0,0,0,0,0,1.0,2.0,0.0
56,1,right_lane,nop,False,nan,4,1,23.91460905349794,4.0,0.0,3.858625650405884,4.25,4.0,0.25,nan,0.0,0,0,0,0,4.0,0.0,0.0
57,1,right_lane,nop,False,nan,5,1,21.15161315963453,2.5,0.0,2.384139806032181,6.0,5.0,1.0,nan,0.0,0,0,0,0,0.0,5.0,0.0
58,1,right_lane,nop,False,nan,2,1,22.829218106995885,0.5,0.0,0.5247660726308823,2.75,2.0,0.75,nan,0.0,0,0,0,0,0.0,0.0,2.0
59,1,right_lane,nop,False,nan,3,1,21.915047954523644,3.0,0.0,2.7845582962036133,3.25,3.0,0.25,nan,0.0,0,0,0,0,3.0,0.0,0.0
60,1,right_lane,nop,False,nan,5,1,22.151312430974706,5.0,0.0,4.392184793949127,5.0,5.0,0.0,nan,0.0,0,0,0,0,4.0,1.0,0.0
61,1,right_lane,nop,False,nan,5,1,23.149028772714185,4.5,0.0,4.116209805011749,5.0,5.0,0.0,nan,0.0,0,0,0,0,4.0,1.0,0.0
62,1,right_lane,nop,False,nan,5,1,21.15161315963453,3.5,0.0,3.2239705324172974,6.0,5.0,1.0,nan,0.0,0,0,0,0,2.0,3.0,0.0
63,1,right_lane,nop,False,nan,5,1,23.149028772714185,4.5,0.0,4.665751159191132,5.0,5.0,0.0,nan,0.0,0,0,0,0,5.0,0.0,0.0
64,1,right_lane,nop,False,nan,7,1,21.53689482983041,5.0,0.0,4.644235238432884,8.0,7.0,1.0,nan,0.0,0,0,0,0,3.0,3.0,1.0
65,1,right_lane,nop,False,nan,6,1,21.793010966362107,0.5,0.0,0.6703393103962298,8.75,6.0,2.75,nan,0.0,0,0,0,0,0.0,1.0,5.0
66,1,right_lane,nop,False,nan,3,1,23.55281207133059,3.0,0.0,2.995582938194275,3.25,3.0,0.25,nan,0.0,0,0,0,0,3.0,0.0,0.0
67,1,right_lane,nop,False,nan,2,1,22.829218106995885,1.0,0.0,0.8727439939975739,2.25,2.0,0.25,nan,0.0,0,0,0,0,0.0,2.0,0.0
68,1,right_lane,nop,False,nan,6,1,23.45752397726182,6.0,0.0,5.58296000957489,6.25,6.0,0.25,nan,0.0,0,0,0,0,5.0,1.0,0.0
69,1,right_lane,nop,False,nan,6,1,20.959710634802146,5.5,0.0,5.0874380469322205,6.0,6.0,0.0,nan,0.0,0,0,0,0,6.0,0.0,0.0
70,1,right_lane,nop,False,nan,6,1,21.793010966362107,1.0,0.0,1.2299301565508358,8.25,6.0,2.25,nan,0.0,0,0,0,0,1.0,2.0,3.0
71,1,right_lane,nop,False,nan,2,1,25.0,1.0,0.0,1.043153315782547,2.75,2.0,0.75,nan,0.0,0,0,0,0,1.0,1.0,0.0
72,1,right_lane,nop,False,nan,8,1,21.969782976101605,7.5,0.0,7.364319741725922,8.25,8.0,0.25,nan,0.0,0,0,0,0,7.0,1.0,0.0
73,1,right_lane,nop,False,nan,3,1,21.915047954523644,1.5,0.0,1.1478328108787537,4.0,3.0,1.0,nan,0.0,0,0,0,0,0.0,1.0,2.0
74,1,right_lane,nop,False,nan,3,1,21.915047954523644,3.0,0.0,2.9957632422447205,3.0,3.0,0.0,nan,0.0,0,0,0,0,3.0,0.0,0.0
75,1,right_lane,nop,False,nan,5,1,24.148728044054362,5.0,0.0,4.973351240158081,5.0,5.0,0.0,nan,0.0,0,0,0,0,5.0,0.0,0.0
76,1,right_lane,nop,False,nan,2,1,22.829218106995885,0.5,0.0,0.37166690826416016,2.5,2.0,0.5,nan,0.0,0,0,0,0,0.0,0.0,2.0
77,1,right_lane,nop,False,nan,3,1,23.55281207133059,1.0,0.0,0.7766829580068588,3.75,3.0,0.75,nan,0.0,0,0,0,0,0.0,2.0,1.0
78,1,right_lane,nop,False,nan,3,1,21.915047954523644,1.5,0.0,1.242165982723236,4.0,3.0,1.0,nan,0.0,0,0,0,0,0.0,3.0,0.0
79,1,right_lane,nop,False,nan,4,1,21.439140538718384,4.0,0.0,3.7884316444396973,4.25,4.0,0.25,nan,0.0,0,0,0,0,4.0,0.0,0.0
80,1,right_lane,nop,False,nan,10,1,21.07582937702842,0.5,0.0,0.5349934816156292,14.5,10.0,4.5,nan,0.0,0,0,0,0,0.0,0.0,10.0
81,1,right_lane,nop,False,nan,4,1,21.439140538718384,2.0,0.0,1.525186449289322,5.0,4.0,1.0,nan,0.0,0,0,0,0,0.0,4.0,0.0
82,1,right_lane,nop,False,nan,2,1,25.0,1.0,0.0,0.6333619058132172,2.5,2.0,0.5,nan,0.0,0,0,0,0,0.0,1.0,1.0
83,1,right_lane,nop,False,nan,3,1,25.0,0.5,0.0,0.9524287779349834,4.0,3.0,1.0,nan,0.0,0,0,0,0,1.0,1.0,1.0
84,1,right_lane,nop,False,nan,13,1,20.442945679910913,2.5,0.0,2.2753151323486236,18.75,13.0,5.75,nan,0.0,0,0,0,0,1.0,1.0,11.0
85,1,right_lane,nop,False,nan,3,1,23.55281207133059,1.5,0.0,1.1503823101520538,3.5,3.0,0.5,nan,0.0,0,0,0,0,0.0,2.0,1.0
86,1,right_lane,nop,False,nan,3,1,21.915047954523644,1.5,0.0,1.046688586473465,4.0,3.0,1.0,nan,0.0,0,0,0,0,0.0,1.0,2.0
87,1,right_lane,nop,False,nan,6,1,21.793010966362107,2.5,0.0,2.661525547504425,7.5,6.0,1.5,nan,0.0,0,0,0,0,1.0,4.0,1.0
88,1,right_lane,nop,False,nan,4,1,22.686285965892733,4.0,0.0,3.617700695991516,4.25,4.0,0.25,nan,0.0,0,0,0,0,3.0,1.0,0.0
89,1,right_lane,nop,False,nan,15,1,20.383886255924146,14.5,0.0,13.854333221912384,15.25,15.0,0.25,nan,0.0,0,0,0,0,14.0,1.0,0.0
90,1,right_lane,nop,False,nan,5,1,22.151312430974706,3.0,0.0,2.9445801377296448,5.75,5.0,0.75,nan,0.0,0,0,0,0,1.0,4.0,0.0
91,1,right_lane,nop,False,nan,2,1,25.0,1.0,0.0,0.5671500563621521,2.5,2.0,0.5,nan,0.0,0,0,0,0,0.0,1.0,1.0
92,1,right_lane,nop,False,nan,9,1,20.639810418920465,8.5,0.0,8.251939713954926,9.25,9.0,0.25,nan,0.0,0,0,0,0,9.0,0.0,0.0
93,1,right_lane,nop,False,nan,3,1,21.915047954523644,0.0,0.0,0.0770243895240128,4.25,3.0,1.25,nan,0.0,0,0,0,0,0.0,0.0,3.0
94,1,right_lane,nop,False,nan,4,1,23.91460905349794,1.5,0.0,1.5531503707170486,5.25,4.0,1.25,nan,0.0,0,0,0,0,0.0,3.0,1.0
95,1,right_lane,nop,False,nan,3,1,21.915047954523644,0.5,0.0,0.7183569930493832,4.25,3.0,1.25,nan,0.0,0,0,0,0,0.0,2.0,1.0
96,1,right_lane,nop,False,nan,5,1,22.151312430974706,2.5,0.0,2.568386435508728,6.5,5.0,1.5,nan,0.0,0,0,0,0,1.0,4.0,0.0
97,1,right_lane,nop,False,nan,8,1,21.969782976101605,0.0,0.0,0.21972206671557615,11.75,8.0,3.75,nan,0.0,0,0,0,0,0.0,1.0,7.0
98,1,right_lane,nop,False,nan,3,1,21.915047954523644,1.5,0.0,1.24198979139328,4.0,3.0,1.0,nan,0.0,0,0,0,0,0.0,3.0,0.0
99,1,right_lane,nop,False,nan,4,1,21.439140538718384,4.0,0.0,3.8049341440200806,4.25,4.0,0.25,nan,0.0,0,0,0,0,4.0,0.0,0.0
100,1,right_lane,nop,False,nan,6,1,23.444975750882396,0.5,0.0,0.8387999164951907,8.25,6.0,2.25,nan,0.0,0,0,0,0,1.0,1.0,4.0
101,1,right_lane,nop,False,nan,5,1,22.151312430974706,5.0,0.0,4.991868078708649,5.5,5.0,0.5,nan,0.0,0,0,0,0,5.0,0.0,0.0
102,1,right_lane,nop,False,nan,3,1,23.55281207133059,0.0,0.0,0.004527820143266581,4.0,3.0,1.0,nan,0.0,0,0,0,0,0.0,0.0,3.0
103,1,right_lane,nop,False,nan,5,1,23.149028772714185,0.5,0.0,0.91189301002305,7.25,5.0,2.25,nan,0.0,0,0,0,0,1.0,1.0,3.0
104,1,right_lane,nop,False,nan,4,1,21.439140538718384,2.0,0.0,2.0943222641944885,5.25,4.0,1.25,nan,0.0,0,0,0,0,0.0,4.0,0.0
105,1,right_lane,nop,False,nan,5,1,21.15161315963453,5.0,0.0,4.8927671909332275,5.25,5.0,0.25,nan,0.0,0,0,0,0,5.0,0.0,0.0
106,1,right_lane,nop,False,nan,5,1,22.151312430974706,2.5,0.0,2.2499766647815704,6.0,5.0,1.0,nan,0.0,0,0,0,0,0.0,4.0,1.0
107,1,right_lane,nop,False,nan,5,1,24.148728044054362,5.0,0.0,4.914161920547485,5.25,5.0,0.25,nan,0.0,0,0,0,0,5.0,0.0,0.0
108,1,right_lane,nop,False,nan,4,1,22.686285965892733,2.0,0.0,1.8993314802646637,4.75,4.0,0.75,nan,0.0,0,0,0,0,1.0,3.0,0.0
109,1,right_lane,nop,False,nan,5,1,21.15161315963453,2.5,0.0,2.142964005470276,6.25,5.0,1.25,nan,0.0,0,0,0,0,0.0,5.0,0.0
110,1,right_lane,nop,False,nan,5,1,23.149028772714185,4.5,0.0,4.469196140766144,5.25,5.0,0.25,nan,0.0,0,0,0,0,5.0,0.0,0.0
111,1,right_lane,nop,False,nan,4,1,25.16175448067229,3.5,0.0,3.500730514526367,4.25,4.0,0.25,nan,0.0,0,0,0,0,4.0,0.0,0.0
112,1,right_lane,nop,False,nan,5,1,22.151312430974706,4.5,0.0,4.607331216335297,5.25,5.0,0.25,nan,0.0,0,0,0,0,5.0,0.0,0.0
113,1,right_lane,nop,False,nan,6,1,20.959710634802146,2.0,0.0,2.4150384655222297,7.75,6.0,1.75,nan,0.0,0,0,0,0,0.0,5.0,1.0
114,1,right_lane,nop,False,nan,5,1,21.15161315963453,2.5,0.0,2.712155371904373,6.5,5.0,1.5,nan,0.0,0,0,0,0,0.0,5.0,0.0
115,1,right_lane,nop,False,nan,4,1,25.0,0.5,0.0,0.9388648843741976,5.5,4.0,1.5,nan,0.0,0,0,0,0,1.0,1.0,2.0
116,1,right_lane,nop,False,nan,2,1,25.0,1.0,0.0,0.961654782295227,2.75,2.0,0.75,nan,0.0,0,0,0,0,0.0,1.0,1.0
117,1,right_lane,nop,False,nan,6,1,24.290824308821783,6.0,0.0,5.942964315414429,6.25,6.0,0.25,nan,0.0,0,0,0,0,6.0,0.0,0.0
118,1,right_lane,nop,False,nan,3,1,21.915047954523644,2.0,0.0,2.069560408592224,3.5,3.0,0.5,nan,0.0,0,0,0,0,0.0,3.0,0.0
119,1,right_lane,nop,False,nan,4,1,22.686285965892733,0.0,0.0,0.15543338102543203,5.5,4.0,1.5,nan,0.0,0,0,0,0,0.0,0.0,4.0
120,1,right_lane,nop,False,nan,5,1,21.15161315963453,0.0,0.0,0.047294371763200616,7.5,5.0,2.5,nan,0.0,0,0,0,0,0.0,0.0,5.0
121,1,right_lane,nop,False,nan,4,1,25.0,0.5,0.0,0.9101881936658174,5.75,4.0,1.75,nan,0.0,0,0,0,0,1.0,1.0,2.0
122,1,right_lane,nop,False,nan,3,1,23.55281207133059,0.0,0.0,0.11862255061896576,4.5,3.0,1.5,nan,0.0,0,0,0,0,0.0,0.0,3.0
123,1,right_lane,nop,False,nan,4,1,21.439140538718384,4.0,0.0,3.7705283761024475,4.5,4.0,0.5,nan,0.0,0,0,0,0,4.0,0.0,0.0
124,1,right_lane,nop,False,nan,6,1,20.959710634802146,5.5,0.0,5.582248330116272,6.0,6.0,0.0,nan,0.0,0,0,0,0,6.0,0.0,0.0
125,1,right_lane,nop,False,nan,6,1,21.778592693205614,0.0,0.0,0.28012655532802455,8.75,6.0,2.75,nan,0.0,0,0,0,0,0.0,0.0,6.0
126,1,right_lane,nop,False,nan,7,1,21.53689482983041,3.0,0.0,2.8699047565460205,9.25,7.0,2.25,nan,0.0,0,0,0,0,0.0,5.0,2.0
127,1,right_lane,nop,False,nan,5,1,22.151312430974706,0.0,0.0,0.4171620309930404,7.25,5.0,2.25,nan,0.0,0,0,0,0,0.0,1.0,4.0
128,1,right_lane,nop,False,nan,4,1,25.0,0.5,0.0,0.8896090093039675,5.75,4.0,1.75,nan,0.0,0,0,0,0,1.0,1.0,2.0
129,1,right_lane,nop,False,nan,5,1,21.15161315963453,2.0,0.0,1.920020043849945,6.5,5.0,1.5,nan,0.0,0,0,0,0,0.0,5.0,0.0
130,1,right_lane,nop,False,nan,3,1,23.55281207133059,1.5,0.0,1.1440407484769821,4.0,3.0,1.0,nan,0.0,0,0,0,0,0.0,2.0,1.0
131,1,right_lane,nop,False,nan,5,1,22.151312430974706,0.5,0.0,0.7580111348306673,7.25,5.0,2.25,nan,0.0,0,0,0,0,0.0,1.0,4.0
