episode_id,policy_freq,profile,method,filter,value,episode_length,collision,mean_speed,total_cost,total_avoided_cost,total_expected_cost,total_reward,total_basic_reward,total_added_reward,mean_iterations_to_converge,convergence_rate,outcome_unchanged_count,outcome_naively_augmented_count,outcome_rcps_augmented_count,outcome_projection_count,lane_0_time,lane_1_time,mean_courtesy_gap_violation,courtesy_active_steps
0,1,merge_courtesy,nop,True,nan,12,0,30.0,6.530244116167301,0.0,5.433424144983292,12.8954012308784,18.900000000000002,-6.0045987691216,nan,0.0,12,0,0,0,0.0,12.0,41.62979692060097,9
1,1,merge_courtesy,nop,True,nan,13,0,27.42333905172183,3.0576801438721657,0.0,2.478597342967987,16.533695829106982,19.160136306895346,-2.626440477788367,nan,0.0,13,0,0,0,0.0,13.0,18.530424306338432,6
2,1,merge_courtesy,nop,True,nan,12,0,28.813046846239462,3.2636709049357213,0.0,2.6554907858371735,15.53472337955785,18.33026248619494,-2.795539106637092,nan,0.0,12,0,0,0,0.0,12.0,21.147254065357632,6
3,1,merge_courtesy,nop,True,nan,12,0,30.0,7.158337147968271,0.0,6.019003480672836,12.352312535012048,18.900000000000002,-6.547687464987952,nan,0.0,12,0,0,0,0.0,12.0,41.94318066216726,10
4,1,merge_courtesy,nop,True,nan,13,0,27.42333905172183,3.334819153365022,0.0,2.7133413553237915,16.25607258416259,19.160136306895346,-2.90406372273276,nan,0.0,13,0,0,0,0.0,13.0,22.429174179189506,6
5,1,merge_courtesy,nop,True,nan,13,0,27.80128461713882,3.395674671614384,0.0,2.7523639798164368,16.32667116975436,19.35666800091218,-3.0299968311578285,nan,0.0,13,0,0,0,0.0,13.0,23.897368124702705,6
6,1,merge_courtesy,nop,True,nan,12,0,30.0,7.229177618938028,0.0,5.964726984500885,12.142626014258965,18.900000000000002,-6.757373985741034,nan,0.0,12,0,0,0,0.0,12.0,52.06838970269551,9
7,1,merge_courtesy,nop,True,nan,13,0,26.655102277460422,3.2600743589114067,0.0,2.6540906727313995,15.922867921726128,18.760653184279416,-2.8377852625532927,nan,0.0,13,0,0,0,0.0,13.0,21.4200939974375,6
8,1,merge_courtesy,nop,True,nan,13,0,27.80128461713882,3.2219938513530657,0.0,2.616121292114258,16.619264743099297,19.35666800091218,-2.737403257812888,nan,0.0,13,0,0,0,0.0,13.0,20.467870904596847,6
9,1,merge_courtesy,nop,True,nan,13,0,27.039601997206645,3.1768243886720398,0.0,2.5772289037704468,16.206962666571048,18.960593038547454,-2.753630371976408,nan,0.0,13,0,0,0,0.0,13.0,20.191813260660982,6
10,1,merge_courtesy,nop,True,nan,13,0,28.135251062216373,3.3232842978751207,0.0,2.697546124458313,16.645679519104753,19.53033055235251,-2.8846510332477617,nan,0.0,13,0,0,0,0.0,13.0,22.201866551544338,6
11,1,merge_courtesy,nop,True,nan,12,0,29.638203017832648,6.886926123523256,0.0,5.753130733966827,12.35470213985447,18.726337448559672,-6.3716353087052005,nan,0.0,12,0,0,0,0.0,12.0,46.60113765569381,9
12,1,merge_courtesy,nop,True,nan,13,0,27.03872567291224,4.5422650748650675,0.0,3.7511556148529053,14.76225838777826,18.96013734991436,-4.197878962136104,nan,0.0,13,0,0,0,0.0,13.0,33.21342952323739,7
13,1,merge_courtesy,nop,True,nan,13,0,26.655102277460422,3.9877333990260597,0.0,3.2642334699630737,15.067424938524882,18.760653184279416,-3.693228245754538,nan,0.0,13,0,0,0,0.0,13.0,34.78346619532825,6
14,1,merge_courtesy,nop,True,nan,12,0,29.638203017832648,7.114456538046927,0.0,5.967608273029327,12.055631524240908,18.726337448559672,-6.670705924318762,nan,0.0,12,0,0,0,0.0,12.0,50.59678485273775,9
15,1,merge_courtesy,nop,True,nan,12,0,29.638203017832648,6.945423108672074,0.0,5.808850049972534,12.26588529035396,18.726337448559672,-6.460452158205711,nan,0.0,12,0,0,0,0.0,12.0,47.686529128045585,9
16,1,merge_courtesy,nop,True,nan,13,0,26.655102277460422,3.8730076814040917,0.0,3.1344315707683563,15.23883150285395,18.760653184279416,-3.5218216814254686,nan,0.0,13,0,0,0,0.0,13.0,31.987993360836118,6
17,1,merge_courtesy,nop,True,nan,14,0,25.822611223350602,4.5838147679523935,0.0,3.78126722574234,15.394652257440066,19.660662285076338,-4.266010027636273,nan,0.0,14,0,0,0,0.0,14.0,34.20928075316654,7
18,1,merge_courtesy,nop,True,nan,13,0,27.039601997206645,3.7889711127739756,0.0,3.072670429944992,15.572846716759122,18.960593038547454,-3.3877463217883355,nan,0.0,13,0,0,0,0.0,13.0,29.97999009397947,6
19,1,merge_courtesy,nop,True,nan,13,0,27.42420215023432,3.5754855114162063,0.0,2.9319347143173218,15.939913431574487,19.160585118121844,-3.2206716865473606,nan,0.0,13,0,0,0,0.0,13.0,26.87186244139424,6
20,1,merge_courtesy,nop,True,nan,13,0,27.80128461713882,3.6044788022011436,0.0,2.9277180433273315,16.20151408455648,19.35666800091218,-3.1551539163557045,nan,0.0,13,0,0,0,0.0,13.0,26.43357736097874,6
21,1,merge_courtesy,nop,True,nan,14,0,25.822611223350602,3.837903792582816,0.0,3.1439011693000793,16.147938128012484,19.660662285076338,-3.5127241570638557,nan,0.0,14,0,0,0,0.0,14.0,31.685857606615645,6
22,1,merge_courtesy,nop,True,nan,14,0,25.822611223350602,3.907562284344704,0.0,3.1997864842414856,16.061548767827524,19.660662285076338,-3.5991135172488162,nan,0.0,14,0,0,0,0.0,14.0,33.13582339954973,6
23,1,merge_courtesy,nop,True,nan,12,0,30.0,6.998339087552638,0.0,5.741454899311066,12.22536581720867,18.69929199802638,-6.47392618081771,nan,0.0,12,0,0,0,1.0,11.0,48.24353965125832,9
24,1,merge_courtesy,nop,True,nan,13,0,28.135251062216373,3.4495085085738326,0.0,2.8045293986797333,16.48217483833473,19.53033055235251,-3.048155714017786,nan,0.0,13,0,0,0,0.0,13.0,24.38528398684261,6
25,1,merge_courtesy,nop,True,nan,12,0,30.0,7.101083490772684,0.0,5.84437769651413,12.102021307921117,18.69929199802638,-6.597270690105264,nan,0.0,12,0,0,0,1.0,11.0,49.82432086936459,9
26,1,merge_courtesy,nop,True,nan,13,0,27.80128461713882,4.141784541653054,0.0,3.3344219624996185,15.478619605288559,19.35666800091218,-3.878048395623629,nan,0.0,13,0,0,0,0.0,13.0,38.14356571702187,6
27,1,merge_courtesy,nop,True,nan,12,0,30.0,6.024469525717052,0.0,4.991779565811157,13.55071966301427,18.900000000000002,-5.34928033698573,nan,0.0,12,0,0,0,0.0,12.0,34.35632885863524,9
28,1,merge_courtesy,nop,True,nan,13,0,28.135251062216373,4.448251654773854,0.0,3.5961228609085083,15.366174752462168,19.53033055235251,-4.164155799890348,nan,0.0,13,0,0,0,0.0,13.0,43.983179655333394,6
29,1,merge_courtesy,nop,True,nan,12,0,29.22166165477424,7.088541640221877,0.0,5.977729946374893,12.110596381998267,18.526397594291634,-6.41580121229337,nan,0.0,12,0,0,0,0.0,12.0,40.743786247503905,10
30,1,merge_courtesy,nop,True,nan,13,0,27.416671238329222,3.3623248053848567,0.0,2.732106000185013,16.249622971855384,19.156669043931192,-2.907046072075814,nan,0.0,13,0,0,0,0.0,13.0,22.643975635890655,6
31,1,merge_courtesy,nop,True,nan,12,0,29.638203017832648,7.255776540923085,0.0,6.045576632022858,11.935607591459798,18.726337448559672,-6.7907298570998735,nan,0.0,12,0,0,0,0.0,12.0,52.54289946966057,9
32,1,merge_courtesy,nop,True,nan,12,0,30.0,6.279335701005034,0.0,5.1910480260849,12.989982791952452,18.69929199802638,-5.709309206073929,nan,0.0,12,0,0,0,1.0,11.0,37.924755573646244,9
33,1,merge_courtesy,nop,True,nan,12,0,30.0,6.518474976823737,0.0,5.368364453315735,12.921121701742235,18.900000000000002,-5.978878298257765,nan,0.0,12,0,0,0,0.0,12.0,41.38438200424704,9
34,1,merge_courtesy,nop,True,nan,12,0,29.22876198863091,7.1260921480406445,0.0,5.919965624809265,11.897917600953136,18.52980575454284,-6.631888153589701,nan,0.0,12,0,0,0,0.0,12.0,50.28022022716147,9
35,1,merge_courtesy,nop,True,nan,13,0,27.03872567291224,3.4642261731824577,0.0,2.826003074645996,15.881751319120411,18.96013734991436,-3.0783860307939515,nan,0.0,13,0,0,0,0.0,13.0,24.752902693313317,6
36,1,merge_courtesy,nop,True,nan,12,0,30.0,6.125696728730288,0.0,5.078530430793762,13.28502877538076,18.69929199802638,-5.4142632226456175,nan,0.0,12,0,0,0,1.0,11.0,35.37365418069185,9
37,1,merge_courtesy,nop,True,nan,12,0,29.221552852052668,7.422461784085661,0.0,6.225811213254929,11.671471854239016,18.52634536898528,-6.854873514746264,nan,0.0,12,0,0,0,0.0,12.0,45.22228651312231,10
38,1,merge_courtesy,nop,True,nan,13,0,26.655102277460422,3.4751337043596005,0.0,2.8360221683979034,15.723542827607035,18.760653184279416,-3.0371103566723856,nan,0.0,13,0,0,0,0.0,13.0,24.456838145218764,6
39,1,merge_courtesy,nop,True,nan,12,0,30.0,5.851120093480181,0.0,4.846059441566467,13.788106728204298,18.900000000000002,-5.111893271795703,nan,0.0,12,0,0,0,0.0,12.0,32.247726232201586,9
40,1,merge_courtesy,nop,True,nan,12,0,30.0,6.551709801634223,0.0,5.4137193858623505,12.72424518755733,18.69929199802638,-5.975046810469051,nan,0.0,12,0,0,0,1.0,11.0,41.53434348376437,9
41,1,merge_courtesy,nop,True,nan,12,0,30.0,6.482533815946347,0.0,5.37635600566864,12.78211317150958,18.69929199802638,-5.917178826516799,nan,0.0,12,0,0,0,1.0,11.0,40.61064541675008,9
42,1,merge_courtesy,nop,True,nan,12,0,30.0,6.95504244345446,0.0,5.796392917633057,12.438465880122433,18.900000000000002,-6.461534119877567,nan,0.0,12,0,0,0,0.0,12.0,47.77485857567825,9
43,1,merge_courtesy,nop,True,nan,12,0,30.0,6.994065544890471,0.0,5.729122221469879,12.378781415605747,18.900000000000002,-6.521218584394253,nan,0.0,12,0,0,0,0.0,12.0,48.51493085235736,9
44,1,merge_courtesy,nop,True,nan,12,0,30.0,7.0746483425042985,0.0,5.8689053654670715,12.306471937699234,18.900000000000002,-6.593528062300766,nan,0.0,12,0,0,0,0.0,12.0,49.568053779413226,9
45,1,merge_courtesy,nop,True,nan,13,0,27.03872567291224,4.214468479801174,0.0,3.468028038740158,15.269029833349624,18.96013734991436,-3.69110751656474,nan,0.0,13,0,0,0,0.0,13.0,27.03182664017902,7
46,1,merge_courtesy,nop,True,nan,12,0,30.0,6.615133955466219,0.0,5.489713817834854,12.810958111817815,18.900000000000002,-6.0890418881821855,nan,0.0,12,0,0,0,0.0,12.0,42.70958513866706,9
47,1,merge_courtesy,nop,True,nan,13,0,27.039601997206645,3.6698389576183,0.0,3.000105381011963,15.584954724811046,18.960593038547454,-3.3756383137364105,nan,0.0,13,0,0,0,0.0,13.0,29.120885700790826,6
48,1,merge_courtesy,nop,True,nan,12,0,30.0,6.847430519367018,0.0,5.666104257106781,12.519505995844211,18.900000000000002,-6.380494004155788,nan,0.0,12,0,0,0,0.0,12.0,46.34025288289669,9
49,1,merge_courtesy,nop,True,nan,12,0,28.813046846239462,4.078276047491647,0.0,3.283661961555481,14.510939371778388,18.33026248619494,-3.8193231144165556,nan,0.0,12,0,0,0,0.0,12.0,36.99388922073514,6
50,1,merge_courtesy,nop,True,nan,12,0,30.0,7.105023014697604,0.0,5.872265815734863,12.077308539163774,18.69929199802638,-6.621983458862607,nan,0.0,12,0,0,0,1.0,11.0,50.02767456590278,9
51,1,merge_courtesy,nop,True,nan,13,0,26.655102277460422,2.9720183782002105,0.0,2.399818480014801,16.21869612522868,18.760653184279416,-2.541957059050741,nan,0.0,13,0,0,0,0.0,13.0,17.435731014400485,6
52,1,merge_courtesy,nop,True,nan,12,0,30.0,6.389972460590862,0.0,5.291628777980804,12.8759170837784,18.69929199802638,-5.823374914247977,nan,0.0,12,0,0,0,1.0,11.0,39.45116146956466,9
53,1,merge_courtesy,nop,True,nan,12,0,30.0,6.834441836297256,0.0,5.643463373184204,12.368559270378515,18.69929199802638,-6.330732727647864,nan,0.0,12,0,0,0,1.0,11.0,45.88747587203479,9
54,1,merge_courtesy,nop,True,nan,12,0,28.813046846239462,3.5510991269603327,0.0,2.8974398970603943,15.209107526779498,18.33026248619494,-3.1211549594154437,nan,0.0,12,0,0,0,0.0,12.0,25.763043674834353,6
55,1,merge_courtesy,nop,True,nan,13,0,28.135251062216373,3.3912431998725077,0.0,2.7575292587280273,16.62614418306097,19.53033055235251,-2.9041863692915464,nan,0.0,13,0,0,0,0.0,13.0,22.84065987659503,6
56,1,merge_courtesy,nop,True,nan,12,0,29.166808471161616,8.113123407084228,0.0,6.858752012252808,10.650845863719095,18.29936196098391,-7.648516097264814,nan,0.0,12,0,0,0,1.0,11.0,54.475451637066406,10
57,1,merge_courtesy,nop,True,nan,12,0,30.0,6.049339172106017,0.0,5.010404646396637,13.606864210299067,18.900000000000002,-5.293135789700933,nan,0.0,12,0,0,0,0.0,12.0,34.4633181340962,9
58,1,merge_courtesy,nop,True,nan,13,0,26.655102277460422,3.281705457813724,0.0,2.6641265749931335,15.972293216614576,18.760653184279416,-2.788359967664844,nan,0.0,13,0,0,0,0.0,13.0,21.240801557358925,6
59,1,merge_courtesy,nop,True,nan,12,0,28.813046846239462,3.3656894681108356,0.0,2.7426286935806274,15.354825804854826,18.33026248619494,-2.975436681340115,nan,0.0,12,0,0,0,0.0,12.0,23.225236071296518,6
60,1,merge_courtesy,nop,True,nan,12,0,30.0,7.09169070958205,0.0,5.877585053443909,12.279090133128019,18.900000000000002,-6.620909866871978,nan,0.0,12,0,0,0,0.0,12.0,49.90878718200392,9
61,1,merge_courtesy,nop,True,nan,13,0,27.42333905172183,3.7677877148991925,0.0,3.0805697441101074,15.703437426823562,19.160136306895346,-3.4566988800717886,nan,0.0,13,0,0,0,0.0,13.0,30.584958497900672,6
62,1,merge_courtesy,nop,True,nan,13,0,26.655102277460422,4.326085811955199,0.0,3.5059502124786377,14.707150900720999,18.760653184279416,-4.05350228355842,nan,0.0,13,0,0,0,0.0,13.0,41.659433738952536,6
63,1,merge_courtesy,nop,True,nan,12,0,30.0,6.33775297466935,0.0,5.245819061994553,12.948121471986141,18.69929199802638,-5.75117052604024,nan,0.0,12,0,0,0,1.0,11.0,38.63952679065111,9
64,1,merge_courtesy,nop,True,nan,13,0,26.655102277460422,4.6236312913883,0.0,3.74543035030365,14.586406819048184,18.760653184279416,-4.1742463652312365,nan,0.0,13,0,0,0,0.0,13.0,33.33254188991995,7
65,1,merge_courtesy,nop,True,nan,12,0,29.638203017832648,7.01972783865309,0.0,5.830478668212891,12.205186894162232,18.726337448559672,-6.52115055439744,nan,0.0,12,0,0,0,0.0,12.0,48.73361688739457,9
66,1,merge_courtesy,nop,True,nan,14,0,25.465470228741687,3.774157135702386,0.0,3.0912462770938873,16.02207880414148,19.460663328095343,-3.4385845239538693,nan,0.0,14,0,0,0,0.0,14.0,30.396105693898843,6
67,1,merge_courtesy,nop,True,nan,13,0,27.42333905172183,3.185987169149991,0.0,2.581543117761612,16.456369689590744,19.160136306895346,-2.7037666173046073,nan,0.0,13,0,0,0,0.0,13.0,19.92539034058841,6
68,1,merge_courtesy,nop,True,nan,13,0,27.42333905172183,3.8871103222478998,0.0,3.183834493160248,15.623147517192727,19.160136306895346,-3.536988789702624,nan,0.0,13,0,0,0,0.0,13.0,32.249464435776005,6
69,1,merge_courtesy,nop,True,nan,13,0,27.42420215023432,3.9457923406186874,0.0,3.239263504743576,15.49932310842148,19.160585118121844,-3.6612620097003674,nan,0.0,13,0,0,0,0.0,13.0,34.149700718136415,6
70,1,merge_courtesy,nop,True,nan,12,0,30.0,6.974980145116703,0.0,5.79599928855896,12.170618835075663,18.69929199802638,-6.528673162950717,nan,0.0,12,0,0,0,1.0,11.0,48.42378724422853,9
71,1,merge_courtesy,nop,True,nan,13,0,28.135251062216373,4.6043055157192025,0.0,3.7657720744609833,15.317328566530012,19.53033055235251,-4.213001985822501,nan,0.0,13,0,0,0,0.0,13.0,33.50553190479544,7
72,1,merge_courtesy,nop,True,nan,8,1,30.0,4.40644322322595,0.0,3.5657853484153748,8.619135817046983,12.7,-4.080864182953019,nan,0.0,8,0,0,0,0.0,8.0,42.46930704727841,6
73,1,merge_courtesy,nop,True,nan,12,0,29.638203017832648,7.117385571990925,0.0,5.981014370918274,12.091794406805496,18.726337448559672,-6.634543041754176,nan,0.0,12,0,0,0,0.0,12.0,50.22245188526244,9
74,1,merge_courtesy,nop,True,nan,12,0,30.0,6.914986031223688,0.0,5.747604727745056,12.508572492266518,18.900000000000002,-6.391427507733482,nan,0.0,12,0,0,0,0.0,12.0,46.97527746683082,9
75,1,merge_courtesy,nop,True,nan,12,0,30.0,6.126522734490364,0.0,5.074550539255142,13.491677095479957,18.900000000000002,-5.408322904520042,nan,0.0,12,0,0,0,0.0,12.0,35.53262081804384,9
76,1,merge_courtesy,nop,True,nan,12,0,30.0,6.950353288169424,0.0,5.71611750125885,12.201327040902997,18.69929199802638,-6.497964957123383,nan,0.0,12,0,0,0,1.0,11.0,48.00122620523187,9
77,1,merge_courtesy,nop,True,nan,13,0,26.655102277460422,4.128559160627555,0.0,3.3287657499313354,14.882208049062344,18.760653184279416,-3.8784451352170763,nan,0.0,13,0,0,0,0.0,13.0,38.09563574653802,6
78,1,merge_courtesy,nop,True,nan,12,0,30.0,7.1365099923771655,0.0,5.851941823959351,12.013142975865037,18.69929199802638,-6.6861490221613415,nan,0.0,12,0,0,0,1.0,11.0,50.76600094870017,9
79,1,merge_courtesy,nop,True,nan,13,0,27.80128461713882,3.406327868108834,0.0,2.768508791923523,16.334702539742473,19.35666800091218,-3.0219654611697124,nan,0.0,13,0,0,0,0.0,13.0,23.88384315162126,6
80,1,merge_courtesy,nop,True,nan,12,0,30.0,7.0916701338470505,0.0,5.797381103038788,12.051342595967984,18.69929199802638,-6.647949402058396,nan,0.0,12,0,0,0,1.0,11.0,50.241735706191406,9
81,1,merge_courtesy,nop,True,nan,12,0,30.0,6.623362147734204,0.0,5.475648880004883,12.652006341964842,18.69929199802638,-6.047285656061537,nan,0.0,12,0,0,0,1.0,11.0,42.56534933256101,9
82,1,merge_courtesy,nop,True,nan,12,0,30.0,6.904447139521226,0.0,5.717854231595993,12.523337261582334,18.900000000000002,-6.376662738417665,nan,0.0,12,0,0,0,0.0,12.0,46.790437265911095,9
83,1,merge_courtesy,nop,True,nan,14,0,25.822611223350602,3.600825394439309,0.0,2.9454695284366608,16.391776555142663,19.660662285076338,-3.268885729933676,nan,0.0,14,0,0,0,0.0,14.0,27.530962778401303,6
84,1,merge_courtesy,nop,True,nan,12,0,29.221552852052668,7.28207741366017,0.0,6.112735450267792,11.919702822162979,18.52634536898528,-6.606642546822301,nan,0.0,12,0,0,0,0.0,12.0,43.12260806166609,10
85,1,merge_courtesy,nop,True,nan,12,0,30.0,6.111962835664856,0.0,5.112810909748077,13.53812243076255,18.900000000000002,-5.361877569237451,nan,0.0,12,0,0,0,0.0,12.0,35.26822048344002,9
86,1,merge_courtesy,nop,True,nan,13,0,26.655102277460422,3.4179864892465304,0.0,2.78783518075943,15.78491316010824,18.760653184279416,-2.9757400241711807,nan,0.0,13,0,0,0,0.0,13.0,23.563999201709603,6
87,1,merge_courtesy,nop,True,nan,12,0,30.0,6.729609275105666,0.0,5.54509973526001,12.645215337073752,18.900000000000002,-6.254784662926248,nan,0.0,12,0,0,0,0.0,12.0,44.70072033846087,9
88,1,merge_courtesy,nop,True,nan,13,0,28.135251062216373,3.8321407776390974,0.0,3.113788068294525,15.988052425441271,19.53033055235251,-3.5422781269112456,nan,0.0,13,0,0,0,0.0,13.0,32.03223813594733,6
89,1,merge_courtesy,nop,True,nan,13,0,27.42333905172183,3.384655405354681,0.0,2.761804521083832,16.159155689672033,19.160136306895346,-3.000980617223316,nan,0.0,13,0,0,0,0.0,13.0,23.562412661358504,6
90,1,merge_courtesy,nop,True,nan,12,0,28.813046846239462,2.970624640578891,0.0,2.407427102327347,15.7976824734201,18.33026248619494,-2.532580012774843,nan,0.0,12,0,0,0,0.0,12.0,17.3628398590122,6
91,1,merge_courtesy,nop,True,nan,13,0,26.655102277460422,3.4376982141976993,0.0,2.8008666932582855,15.69883002801023,18.760653184279416,-3.061823156269189,nan,0.0,13,0,0,0,0.0,13.0,24.440783133895888,6
92,1,merge_courtesy,nop,True,nan,13,0,27.42333905172183,3.762339341673647,0.0,3.0887177288532257,15.763418440853268,19.160136306895346,-3.396717866042083,nan,0.0,13,0,0,0,0.0,13.0,29.846152592298694,6
93,1,merge_courtesy,nop,True,nan,12,0,29.638203017832648,6.601272629196952,0.0,5.46691432595253,12.716440715090771,18.726337448559672,-6.009896733468901,nan,0.0,12,0,0,0,0.0,12.0,42.17767988685842,9
94,1,merge_courtesy,nop,True,nan,13,0,26.655102277460422,3.93402723958294,0.0,3.172853410243988,15.186406375873597,18.760653184279416,-3.5742468084058236,nan,0.0,13,0,0,0,0.0,13.0,32.96708601371112,6
95,1,merge_courtesy,nop,True,nan,13,0,26.655102277460422,3.2753948021249,0.0,2.659170776605606,15.87081381371903,18.760653184279416,-2.8898393705603898,nan,0.0,13,0,0,0,0.0,13.0,21.940439657102687,6
96,1,merge_courtesy,nop,True,nan,12,0,30.0,6.807639753333185,0.0,5.619155645370483,12.627372180164741,18.900000000000002,-6.272627819835258,nan,0.0,12,0,0,0,0.0,12.0,45.294085812027596,9
97,1,merge_courtesy,nop,True,nan,13,0,26.655102277460422,5.3059793604221515,0.0,4.261951267719269,13.800657225848509,18.760653184279416,-4.95999595843091,nan,0.0,13,0,0,0,0.0,13.0,45.99353421077889,7
98,1,merge_courtesy,nop,True,nan,12,0,30.0,6.956719704552835,0.0,5.722006738185883,12.202816669753766,18.69929199802638,-6.4964753282726155,nan,0.0,12,0,0,0,1.0,11.0,48.03765213454113,9
99,1,merge_courtesy,nop,True,nan,13,0,28.135251062216373,3.567231988448218,0.0,2.908690184354782,16.351527334963826,19.53033055235251,-3.1788032173886878,nan,0.0,13,0,0,0,0.0,13.0,26.399573634738996,6
100,1,merge_courtesy,nop,True,nan,12,0,30.0,6.300561207932265,0.0,5.1959201991558075,13.18433589089299,18.900000000000002,-5.715664109107009,nan,0.0,12,0,0,0,0.0,12.0,38.14085731431722,9
101,1,merge_courtesy,nop,True,nan,13,0,28.135251062216373,3.9054030595999767,0.0,3.153399020433426,15.90456730277127,19.53033055235251,-3.625763249581246,nan,0.0,13,0,0,0,0.0,13.0,33.48117661846512,6
102,1,merge_courtesy,nop,True,nan,12,0,29.166808471161616,7.849310274592835,0.0,6.590682506561279,10.91325184821224,18.29936196098391,-7.386110112771671,nan,0.0,12,0,0,0,1.0,11.0,50.73959878251779,10
103,1,merge_courtesy,nop,True,nan,12,0,28.813046846239462,4.1202045611290625,0.0,3.3189157247543335,14.513427996853878,18.33026248619494,-3.816834489341065,nan,0.0,12,0,0,0,0.0,12.0,37.145885177297615,6
104,1,merge_courtesy,nop,True,nan,13,0,26.655102277460422,3.325271318386587,0.0,2.6938362419605255,15.904078514467,18.760653184279416,-2.8565746698124204,nan,0.0,13,0,0,0,0.0,13.0,22.021256246535525,6
105,1,merge_courtesy,nop,True,nan,12,0,30.0,6.585369327886784,0.0,5.437897086143494,12.914848832454934,18.900000000000002,-5.985151167545066,nan,0.0,12,0,0,0,0.0,12.0,41.91121973288218,9
106,1,merge_courtesy,nop,True,nan,12,0,30.0,6.158050160011795,0.0,5.098850578069687,13.343723103491445,18.900000000000002,-5.556276896508555,nan,0.0,12,0,0,0,0.0,12.0,36.34676511010884,9
107,1,merge_courtesy,nop,True,nan,13,0,26.655102277460422,3.5179951138524475,0.0,2.8753551840782166,15.687991050931371,18.760653184279416,-3.072662133348048,nan,0.0,13,0,0,0,0.0,13.0,25.120648245602737,6
108,1,merge_courtesy,nop,True,nan,12,0,30.0,6.344607978051179,0.0,5.250650852918625,13.156580434516615,18.900000000000002,-5.743419565483385,nan,0.0,12,0,0,0,0.0,12.0,38.669470425845724,9
109,1,merge_courtesy,nop,True,nan,12,0,30.0,6.934113380214632,0.0,5.712595045566559,12.407241864838097,18.900000000000002,-6.492758135161903,nan,0.0,12,0,0,0,0.0,12.0,47.842724394026305,9
110,1,merge_courtesy,nop,True,nan,13,0,28.135251062216373,3.243335262356342,0.0,2.631384998559952,16.708143401104724,19.53033055235251,-2.8221871512477916,nan,0.0,13,0,0,0,0.0,13.0,21.197605299543252,6
111,1,merge_courtesy,nop,True,nan,12,0,28.813046846239462,3.318234822351185,0.0,2.703514039516449,15.506201378600569,18.33026248619494,-2.8240611075943725,nan,0.0,12,0,0,0,0.0,12.0,21.74851485737332,6
112,1,merge_courtesy,nop,True,nan,13,0,26.655102277460422,3.773452190322859,0.0,3.082256495952606,15.266680895315895,18.760653184279416,-3.4939722889635227,nan,0.0,13,0,0,0,0.0,13.0,31.08847089528818,6
113,1,merge_courtesy,nop,True,nan,12,0,30.0,6.4958785759579225,0.0,5.3864229917526245,12.94162983179671,18.900000000000002,-5.958370168203289,nan,0.0,12,0,0,0,0.0,12.0,40.94782642729961,9
114,1,merge_courtesy,nop,True,nan,14,0,25.465470228741687,3.2586035219342184,0.0,2.6485659778118134,16.669074185080568,19.460663328095343,-2.7915891430147792,nan,0.0,14,0,0,0,0.0,14.0,21.083720949387033,6
115,1,merge_courtesy,nop,True,nan,12,0,30.0,7.096675812497269,0.0,5.844174027442932,12.101451182350647,18.69929199802638,-6.597840815675733,nan,0.0,12,0,0,0,1.0,11.0,49.78838682545131,9
116,1,merge_courtesy,nop,True,nan,13,0,28.135251062216373,3.950466384470609,0.0,3.1932932138442993,15.943673869426856,19.53033055235251,-3.586656682925661,nan,0.0,13,0,0,0,0.0,13.0,33.21279082619767,6
117,1,merge_courtesy,nop,True,nan,12,0,29.22166165477424,7.205607451546502,0.0,5.900783479213715,11.775369389580584,18.526397594291634,-6.7510282047110515,nan,0.0,12,0,0,0,0.0,12.0,51.91473213945164,9
118,1,merge_courtesy,nop,True,nan,13,0,27.80128461713882,4.047629737062499,0.0,3.2879545092582703,15.654034385434217,19.35666800091218,-3.702633615477971,nan,0.0,13,0,0,0,0.0,13.0,35.217198507219805,6
119,1,merge_courtesy,nop,True,nan,13,0,27.03872567291224,3.1653822238737614,0.0,2.5679972767829895,16.249356886716406,18.96013734991436,-2.7107804631979584,nan,0.0,13,0,0,0,0.0,13.0,19.818297680027545,6
120,1,merge_courtesy,nop,True,nan,12,0,30.0,6.795622455095051,0.0,5.654022693634033,12.38368294218013,18.69929199802638,-6.3156090558462505,nan,0.0,12,0,0,0,1.0,11.0,45.63696051254148,9
121,1,merge_courtesy,nop,True,nan,12,0,30.0,6.074018748302372,0.0,5.036643981933594,13.256961046577775,18.69929199802638,-5.442330951448603,nan,0.0,12,0,0,0,1.0,11.0,35.134014953067144,9
122,1,merge_courtesy,nop,True,nan,13,0,27.03872567291224,4.113809968590131,0.0,3.3767905831336975,15.099369185182152,18.96013734991436,-3.860768164732211,nan,0.0,13,0,0,0,0.0,13.0,37.76539465049633,6
123,1,merge_courtesy,nop,True,nan,13,0,27.80793920474951,3.4770450706818927,0.0,2.8277938961982727,16.205034452916024,19.360128386469743,-3.1550939335537165,nan,0.0,13,0,0,0,0.0,13.0,25.604298477566758,6
124,1,merge_courtesy,nop,True,nan,13,0,28.135251062216373,3.855595050306383,0.0,3.0917233526706696,15.937534722534362,19.53033055235251,-3.5927958298181526,nan,0.0,13,0,0,0,0.0,13.0,32.81352641886732,6
125,1,merge_courtesy,nop,True,nan,13,0,27.80128461713882,3.5614196506547957,0.0,2.902515560388565,16.16773904839992,19.35666800091218,-3.1889289525122666,nan,0.0,13,0,0,0,0.0,13.0,26.46461605292988,6
126,1,merge_courtesy,nop,True,nan,13,0,26.655102277460422,3.2550887130681594,0.0,2.6414460241794586,15.894311468890551,18.760653184279416,-2.8663417153888693,nan,0.0,13,0,0,0,0.0,13.0,21.615617684485784,6
127,1,merge_courtesy,nop,True,nan,13,0,26.655102277460422,3.3731110898238645,0.0,2.750210702419281,15.847218347466344,18.760653184279416,-2.913434836813077,nan,0.0,13,0,0,0,0.0,13.0,22.770215971722934,6
128,1,merge_courtesy,nop,True,nan,12,0,30.0,5.843500815998134,0.0,4.831202924251556,13.562680770834541,18.69929199802638,-5.13661122719184,nan,0.0,12,0,0,0,1.0,11.0,32.23554016023482,9
129,1,merge_courtesy,nop,True,nan,13,0,27.80128461713882,4.048531433705224,0.0,3.2554839849472046,15.574124835010947,19.35666800091218,-3.7825431659012403,nan,0.0,13,0,0,0,0.0,13.0,36.324479707202215,6
130,1,merge_courtesy,nop,True,nan,13,0,27.039601997206645,4.432976664130443,0.0,3.6027235984802246,14.807646478810499,18.960593038547454,-4.152946559736959,nan,0.0,13,0,0,0,0.0,13.0,43.7318938620276,6
131,1,merge_courtesy,nop,True,nan,13,0,28.135251062216373,3.1013055169012738,0.0,2.5109646916389465,16.84800955703238,19.53033055235251,-2.6823209953201372,nan,0.0,13,0,0,0,0.0,13.0,19.200227985690063,6
132,1,merge_courtesy,nop,True,nan,12,0,29.638203017832648,6.978123650273679,0.0,5.811066746711731,12.184740348058813,18.726337448559672,-6.541597100500859,nan,0.0,12,0,0,0,0.0,12.0,48.55052955017985,9
133,1,merge_courtesy,nop,True,nan,14,0,25.465470228741687,4.184888945319965,0.0,3.4529626965522766,15.678202729461335,19.460663328095343,-3.782460598634014,nan,0.0,14,0,0,0,0.0,14.0,27.373457216737556,7
134,1,merge_courtesy,nop,True,nan,12,0,30.0,6.633443648762696,0.0,5.490621328353882,12.79271259452747,18.900000000000002,-6.1072874054725315,nan,0.0,12,0,0,0,0.0,12.0,42.97288709237113,9
135,1,merge_courtesy,nop,True,nan,12,0,30.0,7.168551737222925,0.0,5.9425912499427795,12.179042948134946,18.900000000000002,-6.720957051865054,nan,0.0,12,0,0,0,0.0,12.0,51.291442374533766,9
136,1,merge_courtesy,nop,True,nan,13,0,26.655102277460422,3.343795692657303,0.0,2.727335274219513,15.769744567553817,18.760653184279416,-2.9909086167256054,nan,0.0,13,0,0,0,0.0,13.0,23.236961640624106,6
137,1,merge_courtesy,nop,True,nan,12,0,30.0,6.835900658073708,0.0,5.656548798084259,12.42340099664807,18.69929199802638,-6.27589100137831,nan,0.0,12,0,0,0,1.0,11.0,45.5791269397816,9
138,1,merge_courtesy,nop,True,nan,13,0,26.655102277460422,3.7719705526105365,0.0,3.089605897665024,15.34547789596545,18.760653184279416,-3.4151752883139683,nan,0.0,13,0,0,0,0.0,13.0,30.171716117574036,6
139,1,merge_courtesy,nop,True,nan,13,0,27.80793920474951,3.5614861912096196,0.0,2.9073118567466736,16.104747114197,19.360128386469743,-3.2553812722727415,nan,0.0,13,0,0,0,0.0,13.0,27.182207652535833,6
140,1,merge_courtesy,nop,True,nan,13,0,26.655102277460422,4.403877742697488,0.0,3.55629301071167,14.653453413878259,18.760653184279416,-4.107199770401163,nan,0.0,13,0,0,0,0.0,13.0,42.86411486804533,6
141,1,merge_courtesy,nop,True,nan,13,0,27.42333905172183,3.3443186087536976,0.0,2.7209399938583374,16.27647628659392,19.160136306895346,-2.883660020301434,nan,0.0,13,0,0,0,0.0,13.0,22.344196033572416,6
142,1,merge_courtesy,nop,True,nan,12,0,30.0,6.231480064412724,0.0,5.1600437462329865,13.29309718559878,18.900000000000002,-5.60690281440122,nan,0.0,12,0,0,0,0.0,12.0,37.042463189964366,9
143,1,merge_courtesy,nop,True,nan,13,0,26.655102277460422,4.281305470691856,0.0,3.5147491097450256,14.80087540826439,18.760653184279416,-3.959777776015029,nan,0.0,13,0,0,0,0.0,13.0,40.01503699872995,6
144,1,merge_courtesy,nop,True,nan,12,0,29.22876198863091,3.1909984798077478,0.0,2.5896779000759125,15.736720712463084,18.52980575454284,-2.7930850420797535,nan,0.0,12,0,0,0,0.0,12.0,20.581487197524623,6
145,1,merge_courtesy,nop,True,nan,13,0,27.80128461713882,3.6042539978063846,0.0,2.939993292093277,16.120765135331702,19.35666800091218,-3.235902865580485,nan,0.0,13,0,0,0,0.0,13.0,27.194990727427808,6
146,1,merge_courtesy,nop,True,nan,12,0,30.0,6.857257412865738,0.0,5.675428330898285,12.577921647992486,18.900000000000002,-6.322078352007513,nan,0.0,12,0,0,0,0.0,12.0,46.0353891717065,9
147,1,merge_courtesy,nop,True,nan,14,0,25.822611223350602,3.292152692006833,0.0,2.6784403026103973,16.81401472122418,19.660662285076338,-2.846647563852161,nan,0.0,14,0,0,0,0.0,14.0,21.704775232726295,6
148,1,merge_courtesy,nop,True,nan,12,0,30.0,6.71902701400443,0.0,5.555767595767975,12.46267897404444,18.69929199802638,-6.236613023981939,nan,0.0,12,0,0,0,1.0,11.0,44.49318039847031,9
149,1,merge_courtesy,nop,True,nan,13,0,26.655102277460422,4.406714070225596,0.0,3.594498723745346,14.743231643373678,18.760653184279416,-4.017421540905745,nan,0.0,13,0,0,0,0.0,13.0,30.529942446989264,7
150,1,merge_courtesy,nop,True,nan,13,0,26.655102277460422,3.6038938841818706,0.0,2.919694721698761,15.568549772100722,18.760653184279416,-3.1921034121786978,nan,0.0,13,0,0,0,0.0,13.0,26.760407593919506,6
151,1,merge_courtesy,nop,True,nan,12,0,30.0,6.813484774061921,0.0,5.710680961608887,12.609923552977136,18.69929199802638,-6.089368445049244,nan,0.0,12,0,0,0,1.0,11.0,37.912239377822374,10
152,1,merge_courtesy,nop,True,nan,13,0,28.135251062216373,3.3715865380734695,0.0,2.7441315352916718,16.66614366848725,19.53033055235251,-2.8641868838652655,nan,0.0,13,0,0,0,0.0,13.0,22.42578073343365,6
153,1,merge_courtesy,nop,True,nan,12,0,30.0,6.931051294236646,0.0,5.716370642185211,12.30883933003373,18.69929199802638,-6.390452667992649,nan,0.0,12,0,0,0,1.0,11.0,47.12148324446847,9
154,1,merge_courtesy,nop,True,nan,12,0,29.22166165477424,6.72280555104545,0.0,5.680316388607025,12.530849930902138,18.526397594291634,-5.995547663389498,nan,0.0,12,0,0,0,0.0,12.0,36.97547689986173,10
155,1,merge_courtesy,nop,True,nan,13,0,27.039601997206645,3.5416450272790745,0.0,2.8975805938243866,15.870589407341525,18.960593038547454,-3.0900036312059327,nan,0.0,13,0,0,0,0.0,13.0,25.43342386553121,6
156,1,merge_courtesy,nop,True,nan,13,0,27.42333905172183,4.537838546232658,0.0,3.6708940863609314,15.0689200299535,19.160136306895346,-4.091216276941852,nan,0.0,13,0,0,0,0.0,13.0,31.963926692286048,7
157,1,merge_courtesy,nop,True,nan,13,0,27.750637683406776,3.033572677411179,0.0,2.4491956532001495,16.72763628421184,19.330331595371522,-2.6026953111596827,nan,0.0,13,0,0,0,0.0,13.0,18.21691020978697,6
158,1,merge_courtesy,nop,True,nan,13,0,26.655102277460422,4.910718799798647,0.0,3.986290842294693,14.22744940059531,18.760653184279416,-4.533203783684111,nan,0.0,13,0,0,0,0.0,13.0,38.67618409680051,7
159,1,merge_courtesy,nop,True,nan,13,0,27.80128461713882,3.7955613145378533,0.0,3.0858899354934692,15.881534117512247,19.35666800091218,-3.4751338833999386,nan,0.0,13,0,0,0,0.0,13.0,31.00472670398695,6
160,1,merge_courtesy,nop,True,nan,12,0,29.638203017832648,6.640730295704432,0.0,5.537985533475876,12.595718013151568,18.726337448559672,-6.130619435408105,nan,0.0,12,0,0,0,0.0,12.0,43.1748511248333,9
161,1,merge_courtesy,nop,True,nan,13,0,26.655102277460422,4.33741139553669,0.0,3.5309924483299255,14.742451614763295,18.760653184279416,-4.0182015695161235,nan,0.0,13,0,0,0,0.0,13.0,41.16796634625472,6
162,1,merge_courtesy,nop,True,nan,14,0,25.822611223350602,4.085847603208659,0.0,3.35123211145401,15.92951172183997,19.660662285076338,-3.7311505632363673,nan,0.0,14,0,0,0,0.0,14.0,35.80182266390775,6
163,1,merge_courtesy,nop,True,nan,13,0,26.655102277460422,3.2616586960010383,0.0,2.6432173550128937,15.924894378106123,18.760653184279416,-2.8357588061732972,nan,0.0,13,0,0,0,0.0,13.0,21.421419624615382,6
164,1,merge_courtesy,nop,True,nan,12,0,30.0,6.871961705345781,0.0,5.733680427074432,12.701284346171189,18.900000000000002,-6.1987156538288115,nan,0.0,12,0,0,0,0.0,12.0,38.64547985406169,10
165,1,merge_courtesy,nop,True,nan,12,0,30.0,6.470770671231518,0.0,5.353313684463501,12.994340073264608,18.900000000000002,-5.9056599267353915,nan,0.0,12,0,0,0,0.0,12.0,40.44677535255329,9
166,1,merge_courtesy,nop,True,nan,12,0,28.805946512382793,7.101466340726366,0.0,5.8941457867622375,11.791950708226127,18.326854325943735,-6.534903617717614,nan,0.0,12,0,0,0,0.0,12.0,41.11178619866225,10
167,1,merge_courtesy,nop,True,nan,13,0,28.135251062216373,3.2085632962688035,0.0,2.603655606508255,16.007462005197496,18.829378663179615,-2.8219166579821238,nan,0.0,13,0,0,0,4.0,9.0,20.925996726065595,6
168,1,merge_courtesy,nop,True,nan,12,0,30.0,6.575406775955935,0.0,5.460733652114868,12.628910928050654,18.69929199802638,-6.070381069975725,nan,0.0,12,0,0,0,1.0,11.0,42.270348082492326,9
169,1,merge_courtesy,nop,True,nan,13,0,27.42333905172183,3.7455374930531735,0.0,3.072947472333908,15.813630139685056,19.160136306895346,-3.3465061672102965,nan,0.0,13,0,0,0,0.0,13.0,29.202057274804744,6
170,1,merge_courtesy,nop,True,nan,13,0,27.42420215023432,3.22467292094474,0.0,2.6211854219436646,16.31006152697441,19.160585118121844,-2.850523591147444,nan,0.0,13,0,0,0,0.0,13.0,21.260559103115916,6
171,1,merge_courtesy,nop,True,nan,13,0,27.03872567291224,3.0568625801381466,0.0,2.4773192405700684,16.355972809513787,18.96013734991436,-2.604164540400577,nan,0.0,13,0,0,0,0.0,13.0,18.38539720957934,6
172,1,merge_courtesy,nop,True,nan,13,0,28.135251062216373,3.5739606987798904,0.0,2.924184948205948,16.375953310945878,19.53033055235251,-3.154377241406639,nan,0.0,13,0,0,0,0.0,13.0,26.21365539023688,6
173,1,merge_courtesy,nop,True,nan,12,0,29.638203017832648,6.88019358382501,0.0,5.747302830219269,12.370748130196061,18.726337448559672,-6.355589318363612,nan,0.0,12,0,0,0,0.0,12.0,46.44274751319639,9
174,1,merge_courtesy,nop,True,nan,12,0,29.638203017832648,6.759391964435116,0.0,5.551023840904236,12.491621194108694,18.726337448559672,-6.234716254450976,nan,0.0,12,0,0,0,0.0,12.0,44.81948324809105,9
175,1,merge_courtesy,nop,True,nan,13,0,27.42333905172183,3.1499267956156327,0.0,2.557562381029129,16.457470085106912,19.160136306895346,-2.702666221788439,nan,0.0,13,0,0,0,0.0,13.0,19.66391969670996,6
176,1,merge_courtesy,nop,True,nan,14,0,25.822611223350602,3.4032201446153616,0.0,2.771356463432312,16.675115942054706,19.660662285076338,-2.9855463430216354,nan,0.0,14,0,0,0,0.0,14.0,23.54311071428121,6
177,1,merge_courtesy,nop,True,nan,12,0,30.0,6.745265012851448,0.0,5.593090713024139,12.530939443330933,18.69929199802638,-6.168352554695447,nan,0.0,12,0,0,0,1.0,11.0,44.145376414854944,9
178,1,merge_courtesy,nop,True,nan,12,0,30.0,6.877229379815202,0.0,5.780279755592346,12.544041910373368,18.900000000000002,-6.355958089626632,nan,0.0,12,0,0,0,0.0,12.0,46.418178124431556,9
179,1,merge_courtesy,nop,True,nan,12,0,30.0,6.592106625288776,0.0,5.467475920915604,12.811961378806698,18.900000000000002,-6.0880386211933,nan,0.0,12,0,0,0,0.0,12.0,42.51481086214555,9
180,1,merge_courtesy,nop,True,nan,12,0,29.638203017832648,6.8565548441241315,0.0,5.677014589309692,12.415675007695326,18.726337448559672,-6.310662440864346,nan,0.0,12,0,0,0,0.0,12.0,45.9645947252907,9
181,1,merge_courtesy,nop,True,nan,13,0,27.039601997206645,4.25273125777252,0.0,3.4355104565620422,14.945230186418263,18.960593038547454,-4.015362852129194,nan,0.0,13,0,0,0,0.0,13.0,40.74773615657573,6
182,1,merge_courtesy,nop,True,nan,13,0,27.42333905172183,3.9902349311279126,0.0,3.2223648726940155,15.425926114852736,19.160136306895346,-3.7342101920426147,nan,0.0,13,0,0,0,0.0,13.0,35.37508017367477,6
183,1,merge_courtesy,nop,True,nan,12,0,30.0,6.653474866736918,0.0,5.508541822433472,12.840956447267256,18.900000000000002,-6.059043552732744,nan,0.0,12,0,0,0,0.0,12.0,42.915579962014796,9
184,1,merge_courtesy,nop,True,nan,12,0,30.0,6.597246897782813,0.0,5.475519299507141,12.643091415625072,18.69929199802638,-6.056200582401306,nan,0.0,12,0,0,0,1.0,11.0,42.36770316013978,9
185,1,merge_courtesy,nop,True,nan,13,0,27.039601997206645,3.835033669209672,0.0,3.132227748632431,15.408464056570415,18.960593038547454,-3.5521289819770443,nan,0.0,13,0,0,0,0.0,13.0,32.12794911980165,6
186,1,merge_courtesy,nop,True,nan,13,0,26.655102277460422,3.7798508551293133,0.0,3.0914685130119324,15.33820940750927,18.760653184279416,-3.4224437767701508,nan,0.0,13,0,0,0,0.0,13.0,30.237975913734214,6
187,1,merge_courtesy,nop,True,nan,12,0,30.0,6.776481284856789,0.0,5.566824316978455,12.494807349473039,18.69929199802638,-6.204484648553342,nan,0.0,12,0,0,0,1.0,11.0,44.63174409835915,9
188,1,merge_courtesy,nop,True,nan,12,0,30.0,6.9528833698861146,0.0,5.858047008514404,12.474814995608849,18.900000000000002,-6.4251850043911505,nan,0.0,12,0,0,0,0.0,12.0,47.52792834291878,9
189,1,merge_courtesy,nop,True,nan,13,0,27.42333905172183,3.8073669552048988,0.0,3.1151929199695587,15.645038079941063,19.160136306895346,-3.515098226954288,nan,0.0,13,0,0,0,0.0,13.0,31.51507766520007,6
190,1,merge_courtesy,nop,True,nan,13,0,26.655102277460422,4.001717498190297,0.0,3.2793824672698975,15.029441265202289,18.760653184279416,-3.731211919077131,nan,0.0,13,0,0,0,0.0,13.0,35.37985236473437,6
191,1,merge_courtesy,nop,True,nan,13,0,27.416671238329222,3.2084395434616138,0.0,2.6006747782230377,16.358265807806717,19.156669043931192,-2.7984032361244804,nan,0.0,13,0,0,0,0.0,13.0,20.730570368013503,6
192,1,merge_courtesy,nop,True,nan,13,0,27.80793920474951,2.9997012788652775,0.0,2.426141321659088,16.81404838213264,19.360128386469743,-2.5460800043371017,nan,0.0,13,0,0,0,0.0,13.0,17.642462887338816,6
193,1,merge_courtesy,nop,True,nan,13,0,26.655102277460422,4.32003903340652,0.0,3.512001723051071,14.878565994032977,18.760653184279416,-3.8820871902464438,nan,0.0,13,0,0,0,0.0,13.0,28.832082762314705,7
194,1,merge_courtesy,nop,True,nan,13,0,27.80128461713882,4.164036332006561,0.0,3.399994134902954,15.501553376651673,19.35666800091218,-3.855114624260514,nan,0.0,13,0,0,0,0.0,13.0,37.90712589032584,6
195,1,merge_courtesy,nop,True,nan,13,0,27.416671238329222,3.4008944959716216,0.0,2.7610018849372864,16.276646584490557,19.156669043931192,-2.8800224594406405,nan,0.0,13,0,0,0,0.0,13.0,22.764894558958392,6
196,1,merge_courtesy,nop,True,nan,12,0,30.0,6.7645904552077845,0.0,5.591672778129578,12.677886893817453,18.900000000000002,-6.2221131061825465,nan,0.0,12,0,0,0,0.0,12.0,44.793588481314345,9
197,1,merge_courtesy,nop,True,nan,13,0,28.135251062216373,3.575498239995917,0.0,2.9053929150104523,16.403318167199895,19.53033055235251,-3.1270123851526215,nan,0.0,13,0,0,0,0.0,13.0,25.985602194552786,6
198,1,merge_courtesy,nop,True,nan,13,0,26.655102277460422,3.3643337762932743,0.0,2.7331290543079376,15.863405889862781,18.760653184279416,-2.8972472944166405,nan,0.0,13,0,0,0,0.0,13.0,22.589419212163723,6
199,1,merge_courtesy,nop,True,nan,13,0,27.039601997206645,4.085532509179304,0.0,3.3504538536071777,15.159021251232103,18.960593038547454,-3.8015717873153556,nan,0.0,13,0,0,0,0.0,13.0,36.76402114430962,6
200,1,merge_courtesy,nop,True,nan,13,0,26.655102277460422,4.02989037496885,0.0,3.2688003182411194,15.056581208561111,18.760653184279416,-3.7040719757183074,nan,0.0,13,0,0,0,0.0,13.0,35.140004723772385,6
